{
  "best_epoch": 173,
  "best_val_dice": 0.7810894535484092,
  "best_val_loss": 0.12773978469436462,
  "best_iou": 0.6905041207249867
}