{
  "best_epoch": 128,
  "best_val_dice": 0.779828436575365,
  "best_val_loss": 0.1282366232376097,
  "best_iou": 0.6871228579685892
}