{
  "best_epoch": 275,
  "best_val_dice": 0.8316527679454433,
  "best_val_loss": 0.09648303659727421,
  "best_iou": 0.7446402217895441
}