{
  "best_epoch": 340,
  "best_val_dice": 0.8410072846578756,
  "best_val_loss": 0.09143059206274926,
  "best_iou": 0.7532780921338086
}