{
  "best_epoch": 146,
  "best_val_dice": 0.7850441527816484,
  "best_val_loss": 0.12469972662373577,
  "best_iou": 0.6903804658286284
}